{"indexes":[{"v":{"$numberInt":"2"},"key":{"_id":{"$numberInt":"1"}},"name":"_id_"},{"v":{"$numberInt":"2"},"key":{"citizenId":{"$numberInt":"1"}},"name":"citizenId_1","background":true,"unique":true},{"v":{"$numberInt":"2"},"key":{"email":{"$numberInt":"1"}},"name":"email_1","background":true,"unique":true},{"v":{"$numberInt":"2"},"key":{"username":{"$numberInt":"1"}},"name":"username_1","background":true,"unique":true}],"uuid":"e3a8a561f8d74e0ea8284e667f172ae7","collectionName":"registers","type":"collection"}