{"indexes":[{"v":{"$numberInt":"2"},"key":{"_id":{"$numberInt":"1"}},"name":"_id_"},{"v":{"$numberInt":"2"},"key":{"citizenId":{"$numberInt":"1"}},"name":"citizenId_1","background":true,"unique":true},{"v":{"$numberInt":"2"},"key":{"email":{"$numberInt":"1"}},"name":"email_1","background":true,"unique":true},{"v":{"$numberInt":"2"},"key":{"username":{"$numberInt":"1"}},"name":"username_1","background":true,"unique":true}],"uuid":"11579b58f892479d87fcfbf7a8466449","collectionName":"users","type":"collection"}